Date,RecFumbTeam,Punter,Muffed,HomeTeam,AwayTeam,desc
2009-09-10,,D.Sepulveda,True,PIT,TEN,"(10:12) (Punt formation) D.Sepulveda punts 38 yards to TEN 7, Center-G.Warren. C.Finnegan to TEN 7 for no gain. FUMBLES, and recovers at TEN 5. C.Finnegan to TEN 5 for no gain (A.Frazier; R.Mundy)."
2009-09-13,,Nick.Harris,False,NO,DET,"(9:03) Nick.Harris punts 46 yards to NO 24, Center-D.Muhlbach. R.Bush to NO 35 for 11 yards (D.Muhlbach). FUMBLES (D.Muhlbach), and recovers at NO 35. R.Bush to NO 35 for no gain (D.Levy)."
2009-09-27,ATL,M.Koenen,False,NE,ATL,"(13:20) (Punt formation) M.Koenen to ATL 24 for -15 yards. FUMBLES, and recovers at ATL 24. M.Koenen punts 48 yards to NE 13. K.Faulk ran ob at NE 28 for 15 yards. PENALTY on ATL-J.Snelling, Ineligible Downfield Kick, 5 yards, enforced at NE 28."
2009-09-27,NO,T.Morstead,False,BUF,NO,"(6:23) T.Morstead punts 49 yards to BUF 33, Center-J.Kyle. R.Parrish to BUF 33 for no gain (M.Jenkins). FUMBLES (M.Jenkins), RECOVERED by NO-M.Jenkins at BUF 32. M.Jenkins to BUF 32 for no gain (R.Parrish)."
2009-10-04,NE,S.Koch,False,NE,BAL,"(6:39) S.Koch punts 53 yards to NE 10, Center-M.Katula. K.Faulk to NE 19 for 9 yards (H.Nakamura). FUMBLES (H.Nakamura), recovered by NE-L.Bodden at NE 14. L.Bodden to NE 14 for no gain (J.McClain)."
2009-10-04,SD,M.Scifres,False,PIT,SD,"(12:57) (Punt formation) M.Scifres punts 47 yards to PIT 42, Center-D.Binn. S.Logan to PIT 41 for -1 yards (J.Hester). FUMBLES (J.Hester), RECOVERED by SD-J.Hester at PIT 41. J.Hester for 41 yards, TOUCHDOWN. Pittsburgh challenged the fumble ruling, and the play was Upheld. (Timeout #1 at 12:37.)"
2009-10-11,STL,C.Kluwe,False,STL,MIN,"(4:37) C.Kluwe punts 57 yards to STL 6, Center-C.Loeffler. D.Amendola to STL 12 for 6 yards (K.Paymah). FUMBLES (K.Paymah), recovered by STL-B.Fletcher at STL 14. B.Fletcher to STL 12 for -2 yards (K.Onatolu). PENALTY on STL-Q.Butler, Illegal Block Above the Waist, 6 yards, enforced at STL 12."
2009-10-11,CLE,D.Zastudil,True,BUF,CLE,"(3:10) D.Zastudil punts 57 yards to BUF 16, Center-R.Pontbriand. R.Parrish to BUF 16 for no gain. FUMBLES, RECOVERED by CLE-B.Costanzo at BUF 16."
2009-10-11,DEN,C.Hanson,False,DEN,NE,"(:23) C.Hanson punts 49 yards to DEN 19, Center-J.Ingram. E.Royal to DEN 30 for 11 yards (B.Lockett). FUMBLES (B.Lockett), recovered by DEN-J.Williams at DEN 30. J.Williams to DEN 38 for 8 yards (P.Woods)."
2009-10-18,KC,G.Pakulak,False,WAS,KC,"(2:06) G.Pakulak punts 31 yards to KC 45, Center-E.Albright. B.Wade to WAS 38 for 17 yards (K.Moore). FUMBLES (K.Moore), recovered by KC-D.Morgan at WAS 37."
2009-10-18,,S.Rocca,False,OAK,PHI,"(9:10) S.Rocca punts 58 yards to OAK 24, Center-J.Dorenbos. J.Higgins to OAK 26 for 2 yards (J.Avant). FUMBLES (J.Avant), and recovers at OAK 26. J.Higgins to OAK 26 for no gain (T.White)."
2009-11-01,,A.Lee,False,IND,SF,"(13:36) A.Lee punts 51 yards to IND 13, Center-B.Jennings. J.Silva to IND 13 for no gain (A.Battle). FUMBLES (A.Battle), and recovers at IND 13. J.Silva to IND 15 for 2 yards (G.Coffee)."
2009-11-01,,P.McAfee,False,IND,SF,"(10:44) P.McAfee punts 51 yards to SF 16, Center-J.Snow. N.Clements to SF 28 for 12 yards (R.Humber). FUMBLES (R.Humber), ball out of bounds at SF 28."
2009-11-01,OAK,S.Lechler,False,SD,OAK,"(4:17) S.Lechler punts 44 yards to SD 47, Center-J.Condo. D.Sproles to OAK 47 for 6 yards (G.Russell). FUMBLES (G.Russell), RECOVERED by OAK-G.Russell at OAK 47. G.Russell to OAK 47 for no gain (K.Osgood)."
2009-11-01,,J.Baker,False,ARI,CAR,"(12:48) J.Baker punts 51 yards to ARI 16, Center-J.Jansen. S.Breaston to ARI 30 for 14 yards (J.Anderson). FUMBLES (J.Anderson), and recovers at ARI 33. S.Breaston to ARI 33 for no gain (T.Fiammetta)."
2009-11-08,,K.Huber,False,CIN,BAL,"(6:04) K.Huber punts 43 yards to BAL 40, Center-C.Harris. E.Reed to BAL 43 for 3 yards (A.Hodge). FUMBLES (A.Hodge), and recovers at BAL 43. E.Reed to BAL 43 for no gain (K.Hebert)."
2009-11-15,DAL,M.McBriar,False,GB,DAL,"(13:29) M.McBriar punts 47 yards to GB 26, Center-L.Ladouceur. T.Williams to DAL 46 for 28 yards (M.McBriar). FUMBLES (M.McBriar), RECOVERED by DAL-L.Ladouceur at DAL 44. L.Ladouceur to DAL 44 for no gain (J.Wynn). Green Bay challenged the fumble ruling, and the play was REVERSED. M.McBriar punts 47 yards to GB 26, Center-L.Ladouceur. T.Williams to DAL 46 for 28 yards (M.McBriar). PENALTY on GB-D.Martin, Illegal Block Above the Waist, 10 yards, enforced at GB 33."
2009-11-22,IND,P.McAfee,False,BAL,IND,"(:28) (Punt formation) P.McAfee punts 34 yards to BAL 35, Center-J.Snow. E.Reed to BAL 39 for 4 yards (K.DeVan). FUMBLES (K.DeVan), RECOVERED by IND-F.Keiaho at BAL 40. The Replay Assistant challenged the runner was down by contact ruling, and the play was Upheld."
2009-11-29,,B.Fields,False,BUF,MIA,"(11:52) B.Fields punts 52 yards to BUF 14, Center-J.Denney. R.Parrish to BUF 14 for no gain (N.Jones). FUMBLES (N.Jones), and recovers at BUF 13."
2009-12-06,PIT,S.Lechler,True,PIT,OAK,"(14:55) (Punt formation) S.Lechler punts 48 yards to PIT 40, Center-J.Condo. S.Logan to PIT 40 for no gain. FUMBLES, recovered by PIT-R.Mundy at PIT 39. R.Mundy to PIT 39 for no gain (I.Ekejiuba)."
2009-12-06,SEA,J.Ryan,False,SEA,SF,"(4:50) J.Ryan punts 55 yards to SF 29, Center-K.Houser. A.Battle to SF 23 for -6 yards. FUMBLES, RECOVERED by SEA-N.Reed at SF 15. N.Reed to SF 13 for 2 yards (S.McKillop). #83 fumbled while attempting a handoff to #81 B.Jones."
2009-12-13,MIN,K.Huber,False,MIN,CIN,"(4:56) K.Huber punts 42 yards to MIN 20, Center-C.Harris. D.Reynaud to MIN 35 for 15 yards (R.Maualuga). FUMBLES (R.Maualuga), recovered by MIN-Er.Henderson at MIN 37. Er.Henderson to MIN 37 for no gain (B.Johnson)."
2009-12-13,CHI,B.Maynard,False,CHI,GB,"(1:24) (Punt formation) B.Maynard FUMBLES (Aborted) at CHI 42, and recovers at CHI 42. B.Maynard punts 45 yards to GB 0, penalty enforced. PENALTY on CHI-D.McClover, Ineligible Downfield Kick, 5 yards, enforced at GB 20."
2009-12-27,ARI,B.Graham,False,ARI,STL,"(9:47) B.Graham punts 46 yards to SL 18, Center-M.Leach. D.Amendola to ARI 48 for 34 yards (B.Graham). FUMBLES (B.Graham), RECOVERED by ARI-R.Walker at ARI 43. R.Walker to ARI 43 for no gain (B.Bajema). Penalty on SL-J.King, Illegal Block Above the Waist, declined."
2010-01-03,,D.Jones,False,STL,SF,"(4:38) D.Jones punts 62 yards to SF 31, Center-R.Neill. A.Battle to SF 41 for 10 yards (L.Grant). FUMBLES (L.Grant), and recovers at SF 41."
2010-09-12,CLE,C.Bryan,False,TB,CLE,"(4:59) (Punt formation) C.Bryan punts 37 yards to CLE 22, Center-A.Economos. J.Cribbs to CLE 29 for 7 yards (A.Economos). FUMBLES (A.Economos), recovered by CLE-B.Costanzo at CLE 29. B.Costanzo to CLE 29 for no gain (A.Economos)."
2010-09-12,,T.Masthay,False,PHI,GB,"(14:12) T.Masthay punts 40 yards to PHI 17, Center-B.Goode. D.Jackson to PHI 21 for 4 yards. FUMBLES, ball out of bounds at PHI 21."
2010-09-12,,D.Jones,False,STL,ARI,"(13:10) D.Jones punts 63 yards to ARI 16, Center-C.Massey. M.Komar to ARI 22 for 6 yards (J.Hull). FUMBLES (J.Hull), and recovers at ARI 22. M.Komar to ARI 22 for no gain (J.King)."
2010-09-13,,S.Koch,False,NYJ,BAL,"(2:07) S.Koch punts 47 yards to NYJ 40, Center-M.Cox. K.Wilson to NYJ 40 for no gain (D.Reed). FUMBLES (D.Reed), and recovers at NYJ 40. K.Wilson to NYJ 40 for no gain (D.Reed)."
2010-09-19,IND,M.Dodge,False,IND,NYG,"(8:13) M.Dodge punts 62 yards to IND 20, Center-Z.DeOssie. J.Powers to IND 23 for 3 yards. FUMBLES, and recovers at IND 22. J.Powers to IND 22 for no gain (M.Boley). PENALTY on IND-D.Moore, Illegal Block Above the Waist, 10 yards, enforced at IND 20."
2010-10-03,,S.Koch,True,PIT,BAL,"(8:12) (Punt formation) S.Koch punts 38 yards to PIT 14, Center-M.Cox. A.Randle El to PIT 14 for no gain. FUMBLES, and recovers at PIT 14. A.Randle El to PIT 14 for no gain (C.Carr)."
2010-10-03,NO,T.Morstead,False,NO,CAR,"(7:39) T.Morstead punts 50 yards to CAR 16, Center-J.Kyle. C.Munnerlyn to CAR 29 for 13 yards (J.Kyle). FUMBLES (J.Kyle), RECOVERED by NO-C.Roby at CAR 29. C.Roby to CAR 29 for no gain (N.Harris). Carolina's #41 Munnerlyn was injured on the play.  His return is Probable. Carolina challenged the fumble ruling, and the play was Upheld. (Timeout #1 at 07:25.)"
2010-10-10,BUF,B.Moorman,False,BUF,JAC,"(13:20) B.Moorman punts 44 yards to JAC 41, Center-G.Sanborn. M.Thomas to JAC 43 for 2 yards (C.Harris). FUMBLES (C.Harris), RECOVERED by BUF-G.Sanborn at JAC 45."
2010-10-17,DET,M.Dodge,False,NYG,DET,"(11:52) M.Dodge punts 44 yards to DET 27, Center-Z.DeOssie. S.Logan to DET 48 for 21 yards (M.Boley). FUMBLES (M.Boley), recovered by DET-J.Peterson at 50. J.Peterson to 50 for no gain (B.Pascoe)."
2010-10-17,IND,H.Smith,False,WAS,IND,"(5:20) H.Smith punts 44 yards to IND 17, Center-N.Sundberg. K.Moore to IND 20 for 3 yards (C.Wilson). FUMBLES (C.Wilson), recovered by IND-B.King at IND 22. B.King to IND 22 for no gain (N.Sundberg)."
2010-10-17,WAS,H.Smith,False,WAS,IND,"(6:21) H.Smith punts 46 yards to IND 22, Center-N.Sundberg. K.Moore to IND 38 for 16 yards (L.Alexander). FUMBLES (L.Alexander), RECOVERED by WAS-B.Westbrook at IND 39. B.Westbrook to IND 39 for no gain (C.Glenn)."
2010-10-24,KC,D.Colquitt,False,KC,JAC,"(6:46) D.Colquitt punts 46 yards to JAC 14, Center-T.Gafford. M.Thomas to KC 37 for 49 yards (J.Arenas). FUMBLES (J.Arenas), RECOVERED by KC-T.Gafford at KC 26. T.Gafford to KC 26 for no gain (T.Brackenridge)."
2010-10-24,NO,R.Hodges,False,NO,CLE,"(12:51) R.Hodges punts 45 yards to NO 36, Center-R.Pontbriand. L.Moore to NO 38 for 2 yards. FUMBLES, recovered by NO-J.Graham at NO 30. J.Graham to 50 for 20 yards (R.Ventrone)."
2010-10-24,TEN,B.Kern,False,TEN,PHI,"(3:49) (Punt formation) B.Kern punts 47 yards to PHI 33, Center-K.Amato. J.Calvin to PHI 33 for no gain (L.Hawkins). FUMBLES (L.Hawkins), RECOVERED by TEN-T.Shaw at PHI 33. T.Shaw to PHI 33 for no gain (J.Hanson)."
2010-10-24,DEN,S.Lechler,False,DEN,OAK,"(5:29) S.Lechler punts 46 yards to DEN 19, Center-J.Condo. S.Thompson MUFFS catch, and recovers at DEN 19. S.Thompson to DEN 29 for 10 yards (J.Condo). FUMBLES (J.Condo), recovered by DEN-D.Bruton at DEN 32. D.Bruton to DEN 32 for no gain (R.Cartwright)."
2010-11-07,NYJ,N.Harris,False,DET,NYJ,"(5:47) N.Harris punts 49 yards to NYJ 14, Center-D.Muhlbach. K.Wilson to NYJ 28 for 14 yards (L.Johnson). FUMBLES (L.Johnson), recovered by NYJ-J.Conner at NYJ 33. J.Conner to NYJ 33 for no gain (J.Wade)."
2010-11-07,KC,D.Colquitt,False,OAK,KC,"(9:02) D.Colquitt punts 53 yards to OAK 32, Center-T.Gafford. N.Miller MUFFS catch, and recovers at OAK 25. N.Miller to OAK 30 for 5 yards (D.Williams). FUMBLES (D.Williams), RECOVERED by KC-V.Tucker at OAK 30. V.Tucker to OAK 30 for no gain (N.Miller)."
2010-11-11,ATL,M.Koenen,False,ATL,BAL,"(5:02) M.Koenen punts 38 yards to BAL 35, Center-J.Zelenka. L.Webb to BAL 42 for 7 yards (B.Finneran). FUMBLES (B.Finneran), RECOVERED by ATL-C.Wire at BAL 43. Penalty on BAL-D.Ellerbe, Illegal Block Above the Waist, declined."
2010-11-25,DAL,M.McBriar,False,DAL,NO,"(7:43) (Punt formation) M.McBriar punts 59 yards to NO 15, Center-L.Ladouceur. R.Bush to NO 20 for 5 yards (J.Holley). FUMBLES (J.Holley), RECOVERED by DAL-L.Williams at NO 15. L.Williams to NO 15 for no gain (J.Dunbar). Penalty on NO-P.Prioleau, Illegal Block Above the Waist, declined."
2010-11-28,BUF,D.Sepulveda,False,BUF,PIT,"(12:19) D.Sepulveda punts 55 yards to BUF 44, Center-G.Warren. L.McKelvin to BUF 49 for 5 yards (K.Lewis). FUMBLES (K.Lewis), recovered by BUF-D.Florence at BUF 34. D.Florence to BUF 34 for no gain (A.Madison)."
2010-12-12,PIT,K.Huber,True,PIT,CIN,"(10:01) (Punt formation) K.Huber punts 46 yards to PIT 40, Center-C.Harris. A.Brown to PIT 40 for no gain. FUMBLES, touched at PIT 40, recovered by PIT-A.Madison at PIT 42. A.Madison to PIT 42 for no gain (T.Nelson). PIT-A.Madison was injured during the play.  PENALTY on PIT-W.Allen, Offensive Holding, 10 yards, enforced at PIT 42."
2010-12-12,CHI,B.Maynard,False,CHI,NE,"(14:01) (Punt formation) B.Maynard to NE 35 for 21 yards. FUMBLES, and recovers at NE 35. B.Maynard punts 19 yards to NE 37, downed by CHI-B.Iwuh."
2010-12-12,,S.Rocca,False,DAL,PHI,"(10:41) (Punt formation) S.Rocca punts 43 yards to DAL 20, Center-J.Dorenbos. B.McCann to DAL 20 for no gain (E.Buckley). FUMBLES (E.Buckley), ball out of bounds at DAL 7."
2010-12-26,DET,N.Harris,False,MIA,DET,"(13:14) (Punt formation) N.Harris punts 52 yards to MIA 9, Center-D.Muhlbach. D.Bess to MIA 16 for 7 yards (A.Palmer). FUMBLES (A.Palmer), RECOVERED by DET-L.Johnson at MIA 19. L.Johnson to MIA 19 for no gain (T.Culver)."
2011-01-02,SD,M.Scifres,False,DEN,SD,"(5:46) M.Scifres FUMBLES (Aborted) at SD 49, and recovers at SD 49. M.Scifres punts 21 yards to DEN 30, downed by SD-L.Naanee. PENALTY on SD-M.Windt, Ineligible Downfield Kick, 5 yards, enforced at DEN 30."
2011-09-18,,T.Morstead,False,NO,CHI,"(12:35) T.Morstead punts 38 yards to CHI 18, Center-J.Drescher. D.Hester to CHI 18 for no gain (I.Abdul-Quddus). FUMBLES (I.Abdul-Quddus), touched at CHI 14, ball out of bounds at CHI 13."
2011-09-25,ARI,J.Ryan,False,SEA,ARI,"(:51) J.Ryan punts 44 yards to ARI 13, Center-C.Gresham. P.Peterson to ARI 8 for -5 yards (K.Chancellor). FUMBLES (K.Chancellor), recovered by ARI-A.Jefferson at ARI 6. A.Jefferson to ARI 23 for 17 yards (K.Cox). After the punt was received, the ball was lateraled and fumbled."
2011-10-17,,B.Fields,False,NYJ,MIA,"(7:04) B.Fields punts 38 yards to NYJ 15, Center-J.Denney. J.McKnight to NYJ 18 for 3 yards (J.Wilson). FUMBLES (J.Wilson), and recovers at NYJ 19. J.McKnight to NYJ 19 for no gain (J.Wilson)."
2011-11-06,,B.Moorman,True,BUF,NYJ,"(13:03) B.Moorman punts 66 yards to NYJ 5, Center-G.Sanborn. J.Kerley to NYJ 5 for no gain (R.Martin). FUMBLES (R.Martin), and recovers at NYJ 6. J.Kerley ran ob at NYJ 6 for no gain."
2011-11-06,,T.Morstead,False,NO,TB,"(9:51) T.Morstead punts 57 yards to TB 21, Center-J.Drescher. P.Parker MUFFS catch, and recovers at TB 21. P.Parker to TB 23 for 2 yards (J.Amaya). FUMBLES (J.Amaya), and recovers at TB 23. P.Parker to TB 23 for no gain (J.Amaya)."
2011-11-06,NYG,S.Weatherford,False,NE,NYG,"(4:05) S.Weatherford punts 47 yards to NE 36, Center-Z.DeOssie. J.Edelman to NE 40 for 4 yards (T.Sash). FUMBLES (T.Sash), RECOVERED by NYG-S.Paysinger at NE 40."
2011-11-07,CHI,A.Podlesh,False,PHI,CHI,"(1:11) A.Podlesh punts 50 yards to PHI 20, Center-P.Mannelly. D.Jackson to PHI 11 for -9 yards (Z.Bowman). FUMBLES (Z.Bowman), RECOVERED by CHI-S.Hurd at PHI 11. S.Hurd to PHI 9 for 2 yards (D.Jackson)."
2011-11-10,SD,S.Lechler,False,SD,OAK,"(14:06) S.Lechler punts 60 yards to SD 20, Center-J.Condo. P.Crayton to OAK 40 for 40 yards. FUMBLES, recovered by SD-M.Gilchrist at SD 20. M.Gilchrist pushed ob at OAK 40 for 40 yards (S.Lechler)."
2011-11-13,STL,D.Jones,False,CLE,STL,"(10:53) D.Jones punts 45 yards to CLE 17, Center-J.McQuaide. J.Cribbs to CLE 23 for 6 yards (D.Nixon, B.Leber). FUMBLES (D.Nixon), RECOVERED by STL-B.Leber at CLE 27."
2011-11-20,,T.Masthay,False,GB,TB,"(12:23) T.Masthay punts 50 yards to TB 13, Center-B.Goode. P.Parker to TB 29 for 16 yards. FUMBLES, ball out of bounds at TB 29."
2011-11-20,SF,A.Lee,False,SF,ARI,"(1:21) A.Lee punts 58 yards to ARI 21, Center-B.Jennings. P.Peterson to ARI 31 for 10 yards (T.Gooden). FUMBLES (T.Gooden), RECOVERED by SF-N.Bowman at ARI 31. N.Bowman to ARI 31 for no gain (A.Jefferson)."
2011-11-28,NYG,T.Morstead,False,NO,NYG,"(7:43) T.Morstead punts 52 yards to NYG 12, Center-J.Drescher. A.Ross to NYG 12 for no gain (I.Abdul-Quddus). FUMBLES (I.Abdul-Quddus), touched at NYG 11, recovered by NYG-P.Amukamara at NYG 17. P.Amukamara to NYG 17 for no gain (J.Dunbar)."
2011-12-04,,T.Conley,False,WAS,NYJ,"(:36) T.Conley punts 52 yards to WAS 20, Center-T.Purdum. B.Banks to WAS 14 for -6 yards (G.McIntyre). FUMBLES (G.McIntyre), ball out of bounds at WAS 14."
2011-12-04,DAL,D.Zastudil,False,ARI,DAL,"(9:54) D.Zastudil punts 51 yards to DAL 46, Center-M.Leach. D.Bryant to 50 for 4 yards (M.Adams). FUMBLES (M.Adams), recovered by DAL-A.Ball at DAL 48. A.Ball to DAL 48 for no gain (H.Abdullah). PENALTY on DAL-O.Scandrick, Illegal Blindside Block, 10 yards, enforced at DAL 48."
2011-12-11,JAC,N.Harris,False,JAC,TB,"(6:55) (Punt formation) N.Harris punts 46 yards to TB 30, Center-J.Cain. P.Parker to TB 38 for 8 yards (M.Owens). FUMBLES (M.Owens), RECOVERED by JAC-M.Trent at TB 38. M.Trent to TB 38 for no gain (E.Mack)."
2011-12-11,JAC,N.Harris,False,JAC,TB,"(7:48) (Punt formation) N.Harris punts 40 yards to TB 20, Center-J.Cain. P.Parker to TB 20 for no gain (M.Owens). FUMBLES (M.Owens), RECOVERED by JAC-C.Cloherty at TB 8. C.Cloherty for 8 yards, TOUCHDOWN."
2011-12-11,MIA,B.Fields,False,MIA,PHI,"(7:10) (Punt formation) B.Fields punts 55 yards to PHI 28, Center-J.Denney. D.Jackson to PHI 30 for 2 yards. Lateral to C.Marsh to PHI 30 for no gain (T.Culver). FUMBLES (T.Culver), RECOVERED by MIA-T.Culver at PHI 24."
2011-12-18,,S.Weatherford,False,NYG,WAS,"(5:47) S.Weatherford punts 50 yards to WAS 20, Center-Z.DeOssie. B.Banks to WAS 20 for no gain (D.Thomas). FUMBLES (D.Thomas), and recovers at WAS 18. B.Banks to WAS 18 for no gain (Z.DeOssie). Officially, a punt return for -2 yards."
2011-12-18,BUF,B.Fields,False,BUF,MIA,"(9:55) B.Fields punts 52 yards to BUF 28, Center-J.Denney. L.McKelvin to BUF 36 for 8 yards (M.Mitchell). FUMBLES (M.Mitchell), and recovers at BUF 36. L.McKelvin to BUF 36 for no gain (M.Mitchell). Return's end same as spot of foul. PENALTY on BUF-D.Batten, Illegal Block Above the Waist, 10 yards, enforced at BUF 36."
2012-01-01,SF,D.Jones,False,STL,SF,"(3:06) D.Jones punts 49 yards to SF 28, Center-J.McQuaide. R.Smith to SF 42 for 14 yards (C.Dahl). FUMBLES (C.Dahl), recovered by SF-C.Jones at SF 44. C.Jones to SF 44 for no gain (J.Cole)."
2012-01-01,CLE,J.Kapinos,False,CLE,PIT,"(1:57) J.Kapinos punts 49 yards to CLE 14, Center-G.Warren. J.Cribbs to CLE 24 for 10 yards (L.Timmons). FUMBLES (L.Timmons), ball out of bounds at CLE 24. CLE-J.Haden was injured during the play. His return is Probable."
2012-09-09,,T.Morstead,False,NO,WAS,"(9:55) T.Morstead punts 57 yards to WAS 20, Center-J.Drescher. B.Banks to WAS 23 for 3 yards (W.Herring). FUMBLES (W.Herring), and recovers at WAS 23. B.Banks to WAS 23 for no gain (I.Abdul-Quddus)."
2012-09-09,STL,J.Hekker,False,DET,STL,"(8:32) J.Hekker to STL 6 for -12 yards. FUMBLES, and recovers at STL 7. J.Hekker punts 50 yards to DET 32. S.Logan to STL 47 for 21 yards (C.Dahl). PENALTY on STL-C.Dahl, Horse Collar Tackle, 15 yards, enforced at STL 47."
2012-09-09,JAC,C.Kluwe,False,MIN,JAC,"(12:42) C.Kluwe punts 53 yards to JAC 12, Center-C.Loeffler. M.Thomas to JAC 21 for 9 yards. FUMBLES, recovered by JAC-J.Stanford at JAC 22. J.Stanford to JAC 22 for no gain (M.Asiata)."
2012-09-23,ARI,D.Zastudil,False,ARI,PHI,"(5:02) D.Zastudil punts 58 yards to PHI 26, Center-M.Leach. D.Johnson to PHI 38 for 12 yards (A.Sherman). FUMBLES (A.Sherman), RECOVERED by ARI-M.Leach at PHI 38. M.Leach to PHI 38 for no gain (D.Johnson)."
2012-09-27,BAL,S.Koch,False,BAL,CLE,"(5:18) (Punt formation) S.Koch punts 54 yards to CLE 26, Center-M.Cox. J.Cribbs to CLE 40 for 14 yards (D.Ellerbe). FUMBLES (D.Ellerbe), RECOVERED by BAL-J.McClain at CLE 40. J.McClain to CLE 40 for no gain (K.Maiava). Penalty on BAL-J.Ihedigbo, Personal Foul, offsetting, enforced at CLE 40. Penalty on CLE-J.Bademosi, Personal Foul, offsetting. #16 Josh Cribbs for Cleveland injured on the play  The Replay Assistant challenged the fumble ruling, and the play was Upheld."
2012-09-30,SF,R.Malone,False,NYJ,SF,"(4:43) R.Malone punts 42 yards to SF 30, Center-T.Purdum. T.Ginn to 50 for 20 yards (E.Lankster). FUMBLES (E.Lankster), recovered by SF-A.Dixon at NYJ 49. A.Dixon to NYJ 49 for no gain (T.Tebow)."
2012-09-30,TEN,D.Jones,False,HOU,TEN,"(12:37) D.Jones punts 54 yards to TEN 33, Center-J.Weeks. D.Reynaud to TEN 35 for 2 yards (A.Ball). FUMBLES (A.Ball), recovered by TEN-T.Campbell at TEN 32. T.Campbell to TEN 32 for no gain (T.Dobbins). PENALTY on TEN-T.Campbell, Illegal Block Above the Waist, 10 yards, enforced at TEN 32."
2012-09-30,,B.Fields,False,ARI,MIA,"(14:22) B.Fields punts 47 yards to ARI 34, Center-J.Denney. P.Peterson MUFFS catch, touched at ARI 34, and recovers at ARI 34. P.Peterson to ARI 42 for 8 yards (K.Misi). FUMBLES (K.Misi), and recovers at ARI 42. P.Peterson to ARI 42 for no gain (J.Denney)."
2012-10-14,TB,unknown,False,TB,KC,"(14:15) (Punt formation) M.Koenen punt is BLOCKED by S.Draughn, Center-A.Economos, recovered by TB-M.Koenen at TB 0. M.Koenen to TB 1 for 1 yard (S.Draughn). FUMBLES (S.Draughn), RECOVERED by KC-E.Jones at TB 11. E.Jones pushed ob at TB 1 for 10 yards (Q.Black). The Replay Assistant challenged the runner broke the plane ruling, and the play was REVERSED. (Punt formation) M.Koenen punt is BLOCKED by S.Draughn, Center-A.Economos, recovered by TB-M.Koenen at TB 0. M.Koenen to TB 1 for 1 yard (S.Draughn). FUMBLES (S.Draughn), RECOVERED by KC-E.Jones at TB 11. E.Jones for 11 yards, TOUCHDOWN."
2012-10-14,,M.McBriar,False,PHI,DET,"(13:35) M.McBriar punts 57 yards to DET 39, Center-J.Dorenbos. S.Logan to DET 49 for 10 yards (A.Jordan). FUMBLES (A.Jordan), and recovers at 50. S.Logan to 50 for no gain (A.Jordan)."
2012-10-14,,B.Fields,False,MIA,STL,"(9:00) (Punt formation) B.Fields punts 53 yards to STL 5, Center-J.Denney. J.Jenkins to STL 12 for 7 yards (J.Denney). FUMBLES (J.Denney), ball out of bounds at STL 8."
2012-10-21,,S.Koch,False,HOU,BAL,"(13:48) S.Koch punts 48 yards to HOU 27, Center-M.Cox. K.Martin to HOU 27 for no gain (C.Graham). FUMBLES (C.Graham), and recovers at HOU 25. K.Martin to HOU 25 for no gain (A.Allen). (The punt hang time was 4.68 seconds.)"
2012-10-28,NYG,S.Weatherford,False,DAL,NYG,"(1:08) (Punt formation) S.Weatherford punts 53 yards to DAL 27, Center-Z.DeOssie. D.Bryant MUFFS catch, and recovers at DAL 21. D.Bryant to DAL 20 for -1 yards (Z.DeOssie). FUMBLES (Z.DeOssie), RECOVERED by NYG-M.Coe at DAL 15."
2012-11-01,KC,D.Colquitt,False,SD,KC,"(12:41) D.Colquitt punts 43 yards to SD 22, Center-T.Gafford. E.Weddle to SD 24 for 2 yards (J.Brown). FUMBLES (J.Brown), RECOVERED by KC-C.Greenwood at SD 24. C.Greenwood to SD 24 for no gain (J.Battle)."
2012-11-11,NYG,S.Weatherford,False,CIN,NYG,"(8:45) S.Weatherford punts 45 yards to CIN 20, Center-Z.DeOssie. B.Tate to CIN 27 for 7 yards (C.Blackburn). FUMBLES (C.Blackburn), RECOVERED by NYG-W.Hill at CIN 27. W.Hill to CIN 27 for no gain (B.Tate)."
2012-11-18,TB,M.Koenen,False,CAR,TB,"(12:36) M.Koenen punts 53 yards to CAR 15, Center-A.Economos. C.Munnerlyn to CAR 33 for 18 yards (J.Cutrera). FUMBLES (J.Cutrera), RECOVERED by TB-D.Watson at CAR 29. D.Watson to CAR 29 for no gain (J.Thomas)."
2012-11-18,DEN,M.Scifres,False,DEN,SD,"(10:41) M.Scifres punts 61 yards to DEN 19, Center-M.Windt. T.Holliday to DEN 26 for 7 yards (D.Stuckey). FUMBLES (D.Stuckey), recovered by DEN-L.Ball at DEN 26. L.Ball to DEN 26 for no gain (C.Lynch). PENALTY on SD-C.Lynch, Offensive Holding, 10 yards, enforced at DEN 26."
2012-11-25,BUF,S.Powell,False,IND,BUF,"(13:30) S.Powell punts 55 yards to IND 29, Center-G.Sanborn. T.Hilton to IND 47 for 18 yards (N.Bradham). FUMBLES (N.Bradham), RECOVERED by BUF-C.McIntyre at IND 48. C.McIntyre to IND 41 for 7 yards (S.Brown). Play Challenged by Replay Assistant and REVERSED. S.Powell punts 55 yards to IND 29, Center-G.Sanborn. T.Hilton to IND 47 for 18 yards (N.Bradham). IND-T.Hilton was injured during the play. His return is Probable."
2012-12-09,,J.Hekker,False,BUF,STL,"(15:00) (Punt formation) J.Hekker FUMBLES (Aborted) at STL 36, and recovers at STL 36. J.Hekker punts 0 yards to BUF 49, downed by STL."
2012-12-09,SEA,J.Ryan,False,SEA,ARI,"(:36) J.Ryan punts 46 yards to ARI 24, Center-C.Gresham. P.Peterson to ARI 35 for 11 yards (B.Maxwell). FUMBLES (B.Maxwell), RECOVERED by SEA-B.Maxwell at ARI 35. B.Maxwell to ARI 24 for 11 yards (J.Dray)."
2012-12-16,CHI,A.Podlesh,False,CHI,GB,"(8:11) (Punt formation) A.Podlesh punts 47 yards to GB 23, Center-P.Mannelly. R.Cobb to GB 20 for -3 yards. FUMBLES, RECOVERED by CHI-A.Walters at GB 16. A.Walters to GB 16 for no gain (J.Bush). Penalty on GB-J.Bush, Offensive Holding, declined. #18 Cobb attempted a backwards pass to #10 Ross.  Ross did not complete the reception and thus the fumble is charged to #18 Cobb."
2012-12-16,STL,C.Kluwe,False,STL,MIN,"(3:31) C.Kluwe punts 34 yards to STL 15, Center-C.Loeffler. D.Amendola to STL 9 for -6 yards. Pass back to J.Jenkins to STL 14 for 5 yards (M.Mitchell). FUMBLES (M.Mitchell), recovered by STL-M.Haggan at STL 12. M.Haggan to STL 12 for no gain (C.Loeffler)."
2012-12-16,DAL,B.Moorman,False,DAL,PIT,"(10:18) (Punt formation) B.Moorman punts 60 yards to PIT 16, Center-L.Ladouceur. A.Brown to PIT 38 for 22 yards (V.Butler). FUMBLES (V.Butler), RECOVERED by DAL-J.Phillips at PIT 44."
2012-12-23,OAK,S.Lechler,False,CAR,OAK,"(13:10) S.Lechler punts 61 yards to CAR 18, Center-J.Condo. J.Adams to CAR 33 for 15 yards (C.Chekwa). FUMBLES (C.Chekwa), RECOVERED by OAK-R.Gordon at CAR 32."
2013-09-08,SEA,J.Ryan,True,CAR,SEA,"(12:49) J.Ryan punts 42 yards to CAR 31, Center-C.Gresham. J.Thomas to CAR 31 for no gain. FUMBLES, RECOVERED by SEA-C.Maragos at CAR 34. PENALTY on SEA-K.Wright, Taunting, 15 yards, enforced at CAR 34."
2013-09-22,NYG,S.Weatherford,True,CAR,NYG,"(:52) S.Weatherford punts 32 yards to NYG 44, Center-Z.DeOssie. R.Brockel to NYG 44 for no gain. FUMBLES, RECOVERED by NYG-L.Donnell at NYG 38. L.Donnell to NYG 38 for no gain (M.Addison)."
2013-09-22,ARI,T.Morstead,False,NO,ARI,"(10:35) T.Morstead punts 53 yards to ARI 32, Center-J.Drescher. P.Peterson to ARI 39 for 7 yards (K.Reddick). FUMBLES (K.Reddick), recovered by ARI-S.Acho at ARI 39. S.Acho to ARI 39 for no gain (R.Humber)."
2013-09-22,,S.Lanning,True,MIN,CLE,"(1:15) S.Lanning punts 44 yards to MIN 28, Center-C.Yount. M.Sherels to MIN 28 for no gain. FUMBLES, and recovers at MIN 28. M.Sherels to MIN 28 for no gain (Team)."
2013-09-22,MIA,B.Fields,False,MIA,ATL,"(1:58) (Punt formation) B.Fields punts 53 yards to ATL 22, Center-J.Denney. H.Douglas to ATL 21 for -1 yards (D.Jones). FUMBLES (D.Jones), RECOVERED by MIA-J.Denney at ATL 19. J.Denney to ATL 19 for no gain (T.DeCoud)."
2013-09-26,,A.Lee,False,STL,SF,"(14:53) A.Lee punts 57 yards to STL 12, Center-K.McDermott. T.Austin to STL 6 for -6 yards (A.Dixon). FUMBLES (A.Dixon), and recovers at STL 8. T.Austin to STL 8 for no gain (M.Wilhoite)."
2013-10-10,CHI,S.Weatherford,False,CHI,NYG,"(9:45) (Punt formation) S.Weatherford punts 51 yards to CHI 36, Center-Z.DeOssie. D.Hester to CHI 36 for no gain (T.McBride). FUMBLES (T.McBride), recovered by CHI-E.Weems at CHI 29. E.Weems to CHI 29 for no gain (Team). PENALTY on CHI-C.Wilson, Illegal Block Above the Waist, 10 yards, enforced at CHI 29."
2013-10-20,TB,M.Koenen,False,ATL,TB,"(13:30) M.Koenen punts 53 yards to ATL 23, Center-A.Economos. R.Alford to ATL 27 for 4 yards (B.Leonard). FUMBLES (B.Leonard), RECOVERED by TB-D.Watson at ATL 23. D.Watson to ATL 23 for no gain (B.Robiskie). Penalty on ATL-D.Franks, Offensive Holding, declined."
2013-10-20,,S.Lanning,False,GB,CLE,"(14:09) S.Lanning punts 37 yards to GB 42, Center-C.Yount. M.Hyde to CLE 40 for 18 yards (Q.Groves). FUMBLES (Q.Groves), and recovers at CLE 40. M.Hyde to CLE 40 for no gain (C.Owens)."
2013-10-20,IND,P.McAfee,True,IND,DEN,"(1:42) P.McAfee punts 54 yards to DEN 7, Center-M.Overton. T.Holliday pushed ob at DEN 14 for 7 yards (S.Havili). Indianapolis challenged the fumble ruling, and the play was REVERSED. P.McAfee punts 54 yards to DEN 7, Center-M.Overton. T.Holliday to DEN 14 for 7 yards (S.Havili). FUMBLES (S.Havili), RECOVERED by IND-S.Brown at DEN 11. S.Brown, dead ball declared at DEN 11 for no gain."
2013-10-21,MIN,J.Locke,True,NYG,MIN,"(14:15) J.Locke punts 56 yards to NYG 16, Center-C.Loeffler. R.Randle to NYG 27 for 11 yards (L.Dean). FUMBLES (L.Dean), RECOVERED by MIN-C.Loeffler at NYG 31. C.Loeffler ran ob at NYG 31 for no gain. The Replay Assistant challenged the fumble ruling, and the play was Upheld."
2013-10-21,NYG,S.Weatherford,False,NYG,MIN,"(9:33) S.Weatherford punts 57 yards to MIN 10, Center-Z.DeOssie. M.Sherels to MIN 13 for 3 yards. FUMBLES, touched at MIN 13, RECOVERED by NYG-Z.DeOssie at MIN 3. Z.DeOssie to MIN 3 for no gain (R.Blanton). The Replay Assistant challenged the fumble ruling, and the play was Upheld."
2013-10-24,TB,M.Koenen,False,TB,CAR,"(10:04) (Punt formation) M.Koenen punts 51 yards to CAR 25, Center-A.Economos. T.Ginn to CAR 27 for 2 yards (J.Casillas). FUMBLES (J.Casillas), RECOVERED by TB-J.Casillas at CAR 27. J.Casillas to CAR 27 for no gain (D.Hixon). The Replay Assistant challenged the runner was down by contact ruling, and the play was REVERSED. (Punt formation) M.Koenen punts 51 yards to CAR 25, Center-A.Economos. T.Ginn to CAR 27 for 2 yards (J.Casillas)."
2013-10-27,,T.Morstead,False,NO,BUF,"(11:52) T.Morstead punts 55 yards to BUF 14, Center-J.Drescher. L.McKelvin to BUF 16 for 2 yards (C.White). FUMBLES (C.White), and recovers at BUF 16. L.McKelvin to BUF 18 for 2 yards (W.Herring)."
2013-10-27,,Z.Mesko,False,OAK,PIT,"(13:46) Z.Mesko punts 45 yards to OAK 34, Center-G.Warren. J.Ford to PIT 46 for 20 yards (R.Golden). FUMBLES (R.Golden), ball out of bounds at OAK 48."
2013-11-10,,B.Anger,False,TEN,JAC,"(4:38) (Punt formation) B.Anger FUMBLES (Aborted) at JAC -3, and recovers at JAC 1. B.Anger punts 45 yards to TEN 44. D.Williams to TEN 48 for 4 yards (D.McCray)."
2013-11-17,BUF,B.Moorman,False,BUF,NYJ,"(10:20) (Punt formation) B.Moorman FUMBLES (Aborted) at BUF 30, and recovers at BUF 30. B.Moorman punts 2 yards to BUF 45, out of bounds. PENALTY on BUF-N.Bradham, Ineligible Downfield Kick, 5 yards, enforced at BUF 45."
2013-11-24,OAK,B.Kern,False,OAK,TEN,"(9:05) B.Kern punts 44 yards to OAK 33, Center-B.Brinkley. J.Ford to OAK 45 for 12 yards (D.Stafford). FUMBLES (D.Stafford), recovered by OAK-B.Butler at OAK 49. B.Butler to OAK 49 for no gain (B.Brinkley)."
2013-11-24,NE,B.Colquitt,False,NE,DEN,"(13:00) B.Colquitt punts 49 yards to NE 9, Center-A.Brewer. J.Edelman MUFFS catch, and recovers at NE 9. J.Edelman to NE 17 for 8 yards (D.Trevathan). FUMBLES (D.Trevathan), recovered by NE-M.Buchanan at NE 21. M.Buchanan to NE 21 for no gain (S.Johnson)."
2013-12-01,ARI,D.Jones,False,PHI,ARI,"(12:18) D.Jones punts 37 yards to ARI 38, Center-J.Dorenbos. J.Arenas MUFFS catch, recovered by ARI-A.Cason at ARI 27. A.Cason to ARI 43 for 16 yards (C.Anderson). FUMBLES (C.Anderson), RECOVERED by PHI-J.Casey at ARI 46. J.Casey to ARI 46 for no gain (J.Brinkley). The Replay Assistant challenged the fumble ruling, and the play was REVERSED. D.Jones punts 37 yards to ARI 38. J.Arenas MUFFS catch, recovered by ARI-A.Cason at ARI 27. A.Cason to ARI 43 for 16 yards (K.Coleman)."
2013-12-01,WAS,S.Rocca,False,WAS,NYG,"(1:05) S.Rocca Aborted. K.Nelson FUMBLES at WAS 38, recovered by WAS-S.Rocca at WAS 23. S.Rocca punts 18 yards to NYG 44, downed by WAS-E.Biggers. PENALTY on WAS-K.Nelson, Offensive Holding, 10 yards, enforced at NYG 44."
2013-12-12,,M.Scifres,False,DEN,SD,"(5:57) M.Scifres FUMBLES (Aborted) at DEN 46, and recovers at DEN 46. M.Scifres punts 34 yards to DEN 3, out of bounds."
2013-12-22,BUF,B.Fields,False,BUF,MIA,"(13:11) B.Fields punts 52 yards to BUF 19, Center-J.Denney. L.McKelvin to BUF 19 for no gain (Mar.Moore). FUMBLES (Mar.Moore), recovered by BUF-S.Gilmore at BUF 21. S.Gilmore to BUF 21 for no gain (D.Jones)."
2013-12-29,,J.Ryan,False,SEA,STL,"(12:34) J.Ryan punts 50 yards to STL 37, Center-C.Gresham. A.Pettis to SEA 31 for 32 yards (R.Lockette). FUMBLES (R.Lockette), ball out of bounds at SEA 31."
2014-09-07,DEN,P.McAfee,False,DEN,IND,"(5:21) P.McAfee punts 59 yards to DEN 26, Center-M.Overton. I.Burse to DEN 26 for no gain (L.Purifoy). FUMBLES (L.Purifoy), recovered by DEN-B.Roby at DEN 26. B.Roby ran ob at DEN 29 for 3 yards."
2014-09-21,PIT,B.Wing,False,CAR,PIT,"(11:17) B.Wing punts 59 yards to CAR 12, Center-G.Warren. C.Brown MUFFS catch, and recovers at CAR 13. C.Brown to CAR 10 for -3 yards (S.Thomas). FUMBLES (S.Thomas), touched at CAR 3, RECOVERED by PIT-R.Golden at CAR -4. TOUCHDOWN."
2014-09-28,OAK,M.King,False,OAK,MIA,"(7:31) M.King punts 44 yards to MIA 43, Center-J.Condo. J.Landry to OAK 48 for 9 yards (B.Leonhardt). FUMBLES (B.Leonhardt), RECOVERED by OAK-J.Condo at OAK 43. J.Condo to OAK 43 for no gain (J.Freeny). OAK-K.Barnes was injured during the play. His return is Questionable."
2014-10-05,CHI,B.Nortman,False,CAR,CHI,"(13:34) B.Nortman punts 56 yards to CHI 7, Center-J.Jansen. S.Holmes to CHI 34 for 27 yards (A.Klein). FUMBLES (A.Klein), ball out of bounds at CHI 34. PENALTY on CHI-T.Manning, Personal Foul, 7 yards, enforced at CHI 15."
2014-10-05,CAR,P.O'Donnell,False,CAR,CHI,"(11:31) P.O'Donnell punts 43 yards to CAR 15, Center-J.Cain. C.Brown to CAR 15 for no gain (S.Perry). FUMBLES (S.Perry), recovered by CAR-A.Cason at CAR 14. A.Cason to CAR 14 for no gain (T.Scott)."
2014-10-05,HOU,S.Lechler,False,DAL,HOU,"(6:03) (Punt formation) S.Lechler punts 48 yards to DAL 31, Center-J.Weeks. D.Harris to DAL 38 for 7 yards (J.Tarpinian). FUMBLES (J.Tarpinian), RECOVERED by HOU-A.Blue at DAL 43. A.Blue to DAL 43 for no gain (K.Wilber)."
2014-10-05,BAL,S.Koch,False,IND,BAL,"(14:56) S.Koch punts 43 yards to IND 15, Center-M.Cox. G.Whalen to IND 12 for -3 yards (J.Miles). FUMBLES (J.Miles), RECOVERED by BAL-A.McClellan at IND 12. A.McClellan to IND 12 for no gain (D.McDonald). The Replay Official challenged the fumble ruling, and the play was Upheld. The ruling on the field stands."
2014-10-19,,P.McAfee,False,IND,CIN,"(14:15) P.McAfee punts 47 yards to CIN 34, Center-M.Overton. A.Jones to CIN 38 for 4 yards (D.Allen). FUMBLES (D.Allen), ball out of bounds at CIN 37."
2014-10-26,CLE,M.King,False,CLE,OAK,"(8:54) (Punt formation) M.King punts 51 yards to CLE 36, Center-J.Condo. T.Benjamin to CLE 33 for -3 yards (J.Olawale). FUMBLES (J.Olawale), recovered by CLE-E.Martin at CLE 30. E.Martin to CLE 30 for no gain (M.Rivera)."
2014-11-02,,B.Colquitt,False,NE,DEN,"(8:33) (Punt formation) B.Colquitt FUMBLES (Aborted) at DEN 19, and recovers at DEN 19. B.Colquitt punts 53 yards to NE 16. J.Edelman for 84 yards, TOUCHDOWN. Penalty on DEN, Ineligible Downfield Kick, declined. NE 11-Edelman 4th career punt return TD, new franchise record."
2014-11-03,,S.Weatherford,False,NYG,IND,"(14:55) S.Weatherford punts 58 yards to IND 32, Center-Z.DeOssie. G.Whalen to IND 34 for 2 yards. FUMBLES, and recovers at IND 32. G.Whalen to IND 32 for no gain (N.Berhe)."
2014-11-06,CIN,K.Huber,False,CIN,CLE,"(7:54) K.Huber punts 60 yards to CLE 19, Center-C.Harris. J.Leonhard to CLE 30 for 11 yards (J.Wright). FUMBLES (J.Wright), RECOVERED by CIN-S.Williams at CLE 32. S.Williams to CLE 32 for no gain (R.Taylor)."
2014-11-09,KC,D.Colquitt,False,BUF,KC,"(9:57) D.Colquitt punts 53 yards to BUF 31, Center-T.Gafford. L.McKelvin to BUF 30 for -1 yards (A.Sherman). FUMBLES (A.Sherman), RECOVERED by KC-A.Sherman at BUF 26. KC-J.Hemingway was injured during the play. His return is Probable."
2014-11-09,TEN,S.Koch,False,BAL,TEN,"(3:50) S.Koch punts 46 yards to TEN 29, Center-K.McDermott. L.Washington to TEN 46 for 17 yards (A.McClellan). FUMBLES (A.McClellan), recovered by TEN-J.McCourty at BAL 46. PENALTY on TEN-Z.Gooden, Illegal Block Above the Waist, 10 yards, enforced at TEN 38."
2014-11-16,CLE,S.Lanning,False,CLE,HOU,"(:25) (Punt formation) S.Lanning Aborted. C.Yount FUMBLES at HOU 43, recovered by CLE-S.Lanning at CLE 13. S.Lanning punts 22 yards to HOU 43, out of bounds."
2014-11-16,NO,K.Huber,False,NO,CIN,"(3:35) K.Huber punts 47 yards to NO 17, Center-C.Harris. B.Cooks to NO 21 for 4 yards (D.Dennard). FUMBLES (D.Dennard), recovered by NO-M.Ball at NO 21. M.Ball to NO 21 for no gain (C.Peerman)."
2014-11-23,NE,R.Allen,False,NE,DET,"(7:39) R.Allen Aborted. D.Aiken FUMBLES at NE 1, recovered by NE-R.Allen at NE -1. R.Allen punts 66 yards to DET 20. J.Ross to DET 21 for 1 yard (N.Ebner)."
2014-11-23,ARI,unknown,False,SEA,ARI,"(11:15) D.Butler punt is BLOCKED by D.Shead, Center-M.Leach, recovered by ARI-R.Housler at ARI 22. R.Housler to ARI 24 for 2 yards (C.Helfet). FUMBLES (C.Helfet), ball out of bounds at ARI 24."
2014-11-23,MIA,B.Fields,False,DEN,MIA,"(3:35) B.Fields punts 52 yards to DEN 12, Center-J.Denney. I.Burse to DEN 12 for no gain (D.Williams). FUMBLES (D.Williams), RECOVERED by MIA-J.Denney at DEN 12. J.Denney to DEN 12 for no gain (T.Davis)."
2014-11-27,,P.O'Donnell,False,DET,CHI,"(1:55) P.O'Donnell punts 43 yards to DET 34, Center-J.Cain. J.Ross to DET 38 for 4 yards (S.Perry). FUMBLES (S.Perry), and recovers at DET 36. J.Ross to DET 36 for no gain (D.McCray)."
2014-11-27,SEA,J.Ryan,False,SF,SEA,"(2:36) (Punt formation) J.Ryan FUMBLES (Aborted) at SEA 13, and recovers at SEA 13. J.Ryan punts 45 yards to SF 30. P.Cox to SF 39 for 9 yards (O.Schofield). FUMBLES (O.Schofield), RECOVERED by SEA-O.Schofield at SF 40. O.Schofield to SF 40 for no gain (K.Osgood). 1-yd loose ball yardage."
2014-12-07,IND,S.Lanning,False,CLE,IND,"(12:38) (Punt formation) S.Lanning punts 52 yards to IND 11, Center-C.Yount. J.Cribbs to IND 10 for -1 yards (M.Moore). FUMBLES (M.Moore), recovered by IND-J.Gordy at IND 8. J.Gordy to IND 8 for no gain (M.Moore)."
2014-12-11,,D.Butler,False,STL,ARI,"(:27) D.Butler punts 38 yards to STL 18, Center-M.Leach. T.Austin to STL 15 for -3 yards (J.Bethel). FUMBLES (J.Bethel), and recovers at STL 14. T.Austin to STL 14 for no gain (J.Bethel)."
2014-12-14,,T.Way,False,NYG,WAS,"(4:53) (Punt formation) T.Way to WAS 9 for -13 yards. FUMBLES, and recovers at WAS 9. T.Way punts 51 yards to NYG 27. O.Beckham to NYG 28 for 1 yard (N.Paul, A.Davis). Punter (#5 - T.Way), dropped the ball and then kicked it."
2014-12-21,,M.Koenen,False,TB,GB,"(11:52) (Punt formation) M.Koenen punts 46 yards to GB 30, Center-A.DePaola. R.Cobb to GB 30 for no gain (L.Johnson). FUMBLES (L.Johnson), and recovers at GB 28. R.Cobb to GB 28 for no gain (D.Lansanah)."
2015-09-17,DEN,B.Colquitt,False,KC,DEN,"(15:00) B.Colquitt punts 48 yards to KC 27, Center-A.Brewer. D.Thomas to KC 31 for 4 yards (S.Barrett). Denver challenged the runner was down by contact ruling, and the play was REVERSED. B.Colquitt punts 48 yards to KC 27, Center-A.Brewer. D.Thomas to KC 31 for 4 yards (B.Fowler). FUMBLES (B.Fowler), RECOVERED by DEN-T.Davis at KC 31. T.Davis to KC 31 for no gain (C.West). Penalty on KC-J.O'Shaughnessy, Illegal Block Above the Waist, declined."
2015-09-27,,unknown,False,BAL,CIN,"(11:09) (Punt formation) A.Levine right end to BAL 29 for 2 yards (C.Peerman). FUMBLES (C.Peerman), and recovers at BAL 30. A.Levine to BAL 30 for no gain (C.Peerman). fake punt rushed by #41 Levine"
2015-09-27,HOU,J.Schum,False,HOU,TB,"(10:20) J.Schum punts 55 yards to HOU 4, Center-A.DePaola. C.Worthy to HOU 9 for 5 yards (D.Lansanah). FUMBLES (D.Lansanah), recovered by HOU-W.Mercilus at HOU 6. W.Mercilus to HOU 6 for no gain (D.Lansanah)."
2015-10-11,TEN,B.Kern,False,TEN,BUF,"(11:21) (Punt formation) B.Kern punts 58 yards to BUF 12, Center-B.Brinkley. D.Moore to BUF 40 for 28 yards (J.Fowler; B.Brinkley). Tennessee challenged the runner was down by contact ruling, and the play was REVERSED. (Punt formation) B.Kern punts 58 yards to BUF 12, Center-B.Brinkley. D.Moore to BUF 39 for 27 yards (J.Fowler). FUMBLES (J.Fowler), RECOVERED by TEN-S.Johnson at BUF 39. S.Johnson to BUF 39 for no gain (R.Johnson). Penalty on BUF-D.Williams, Illegal Block Above the Waist, declined."
2015-10-11,DEN,B.Colquitt,False,OAK,DEN,"(:08) B.Colquitt punts 43 yards to OAK 2, Center-A.Brewer. A.Cooper to OAK 20 for 18 yards. Lateral to L.Alexander to OAK 28 for 8 yards (S.Barrett). FUMBLES (S.Barrett), RECOVERED by DEN-D.Bruton at OAK 27. D.Bruton to OAK 27 for no gain (J.Olawale)."
2015-10-18,SF,S.Koch,False,SF,BAL,"(8:56) S.Koch punts 46 yards to SF 29, Center-M.Cox. J.Hayne to SF 36 for 7 yards (A.Levine). FUMBLES (A.Levine), recovered by SF-D.Johnson at SF 33. D.Johnson to SF 33 for no gain (T.Walker). J.Hayne credited with 4-yd return."
2015-10-25,IND,T.Morstead,False,IND,NO,"(6:53) T.Morstead punts 45 yards to IND 10, Center-J.Drescher. G.Whalen to IND 19 for 9 yards (A.Davis). FUMBLES (A.Davis), recovered by IND-T.Carter at IND 19. T.Carter to IND 19 for no gain (R.Humber). PENALTY on IND-D.McDonald, Illegal Use of Hands, 5 yards, enforced at IND 10."
2015-10-26,ARI,D.Butler,False,ARI,BAL,"(3:01) D.Butler punts 55 yards to BAL 16, Center-M.Leach. J.Ross to BAL 24 for 8 yards (J.Bethel). FUMBLES (J.Bethel), RECOVERED by ARI-J.Bethel at BAL 25. J.Bethel to BAL 25 for no gain (J.Ross). PENALTY on BAL-A.Jackson, Unnecessary Roughness, 13 yards, enforced at BAL 25. The Replay Official reviewed the fumble ruling, and the play was Upheld. The ruling on the field stands."
2015-11-01,NO,B.Wing,False,NO,NYG,"(:20) B.Wing punts 46 yards to NO 29, Center-Z.DeOssie. M.Murphy to NYG 47 for 24 yards (C.Dahl). FUMBLES (C.Dahl), recovered by NO-W.Snead at NYG 47. W.Snead to NYG 47 for no gain (B.Wing). PENALTY on NYG-B.Wing, Face Mask (15 Yards), 15 yards, enforced at NYG 47. The ball was fumbled FORWARD, and ruled down at the 47 yardline.  The penalty for a face mask moved it to the 32."
2015-11-08,TEN,B.Kern,False,NO,TEN,"(8:54) B.Kern punts 54 yards to NO 40, Center-B.Brinkley. M.Murphy to NO 42 for 2 yards (C.Riggs). FUMBLES (C.Riggs), RECOVERED by TEN-S.Johnson at NO 42. S.Johnson to NO 42 for no gain (M.Murphy)."
2015-11-08,OAK,M.King,False,PIT,OAK,"(6:18) (Punt formation) M.King punts 50 yards to PIT 39, Center-J.Condo. A.Brown to PIT 39 for no gain (A.Holmes). FUMBLES (A.Holmes), RECOVERED by OAK-R.Armstrong at PIT 39. R.Armstrong to PIT 39 for no gain (A.Brown)."
2015-11-15,STL,J.Hekker,False,STL,CHI,"(7:37) J.Hekker punts 45 yards to CHI 21, Center-J.McQuaide. M.Mariani to CHI 22 for 1 yard (B.Marquez). FUMBLES (B.Marquez), RECOVERED by STL-M.Alexander at CHI 20. M.Alexander to CHI 17 for 3 yards (M.Mariani)."
2015-11-22,,M.King,False,DET,OAK,"(11:22) M.King FUMBLES (Aborted) at OAK 27, and recovers at OAK 28. M.King punts 47 yards to DET 11. G.Tate to DET 11 for no gain (A.Holmes)."
2015-11-22,,R.Quigley,False,HOU,NYJ,"(9:08) R.Quigley punts 47 yards to HOU 20, Center-T.Purdum. K.Mumphery to HOU 23 for 3 yards (T.Reilly). FUMBLES (T.Reilly), and recovers at HOU 23. K.Mumphery to HOU 23 for no gain (E.Henderson)."
2015-11-23,NE,R.Allen,False,NE,BUF,"(2:50) R.Allen punts 34 yards to BUF 30, Center-J.Cardona. L.McKelvin to BUF 32 for 2 yards (B.King). FUMBLES (B.King), RECOVERED by NE-J.Freeny at BUF 35. J.Freeny to BUF 30 for 5 yards (J.Meeks). FUMBLES (J.Meeks), ball out of bounds at BUF 30."
2015-12-06,SEA,J.Locke,False,MIN,SEA,"(4:09) J.Locke punts 47 yards to SEA 35, Center-K.McDermott. T.Lockett to SEA 45 for 10 yards. FUMBLES (B.Watts), ball out of bounds at SEA 45. PENALTY on SEA-M.Morgan, Illegal Block Above the Waist, 10 yards, enforced at SEA 35. Penalty on SEA-D.Coleman, Offensive Holding, declined."
2015-12-07,DAL,C.Jones,False,WAS,DAL,"(1:47) C.Jones punts 41 yards to WAS 16, Center-L.Ladouceur. D.Jackson to WAS 9 for -7 yards (J.Wilcox). FUMBLES (J.Wilcox), RECOVERED by DAL-C.Jones at WAS 15. C.Jones to WAS 15 for no gain (D.Jackson). The Replay Official reviewed the fumble ruling, and the play was Upheld. The ruling on the field stands."
2015-12-13,SD,M.Scifres,False,KC,SD,"(2:16) M.Scifres punts 55 yards to KC 5, Center-M.Windt. F.Hammond to KC 22 for 17 yards (J.Attaochu). FUMBLES (J.Attaochu), RECOVERED by SD-M.Windt at KC 26. M.Windt to KC 26 for no gain (D.Alexander). Penalty on KC, declined. Officials did not annouce type of penalty or player. It was declined by San Diego ,"
2015-12-20,TEN,B.Kern,False,NE,TEN,"(11:35) B.Kern punts 61 yards to NE 20, Center-B.Brinkley. D.Amendola to NE 25 for 5 yards (P.Supernaw). FUMBLES (P.Supernaw), RECOVERED by TEN-C.Riggs at NE 26. C.Riggs to NE 26 for no gain (J.Richards). Penalty on NE-L.Ryan, Illegal Block Above the Waist, declined."
2015-12-20,ARI,D.Jones,False,PHI,ARI,"(5:34) D.Jones punts 53 yards to ARI 27, Center-J.Dorenbos. P.Peterson to ARI 33 for 6 yards. FUMBLES, recovered by ARI-T.Niklas at ARI 33. T.Niklas to ARI 33 for no gain (B.Celek)."
2015-12-27,HOU,S.Lechler,False,TEN,HOU,"(5:35) (Punt formation) S.Lechler punts 56 yards to TEN 6, Center-J.Weeks. H.Douglas to TEN 9 for 3 yards (A.Blue). FUMBLES (A.Blue), RECOVERED by HOU-J.Weeks at TEN 11. J.Weeks to TEN 11 for no gain (J.Staples)."
2016-01-03,NYG,B.Wing,False,NYG,PHI,"(9:22) B.Wing Aborted. T.Ott FUMBLES at NYG 45, recovered by NYG-B.Wing at NYG 45. B.Wing punts 42 yards to PHI 2, downed by NYG-J.Hosley."
2016-01-03,CAR,B.Nortman,False,CAR,TB,"(10:17) B.Nortman punts 51 yards to TB 17, Center-J.Jansen. B.Rainey to TB 22 for 5 yards (T.Williams). FUMBLES (T.Williams), RECOVERED by CAR-J.Webb at TB 17. J.Webb to TB 3 for 14 yards (K.McFadden)."
2016-09-18,,S.Martin,False,DET,TEN,"(7:15) S.Martin punts 48 yards to TEN 10, Center-D.Muhlbach. M.Mariani to TEN 19 for 9 yards (B.Copeland). FUMBLES (B.Copeland), ball out of bounds at TEN 17."
2016-09-18,SEA,J.Ryan,False,LA,SEA,"(11:03) J.Ryan to SEA 36 for -14 yards. FUMBLES, and recovers at LA 36. J.Ryan punts 45 yards to LA 5, downed by SEA-T.Powell."
2016-09-22,NE,S.Lechler,False,NE,HOU,"(8:26) S.Lechler punts 57 yards to NE 5, Center-J.Weeks. C.Jones to NE 18 for 13 yards. FUMBLES, recovered by NE-B.Mingo at NE 25. Houston challenged the fumble ruling, and the play was REVERSED. S.Lechler punts 57 yards to NE 5, Center-J.Weeks. C.Jones to NE 18 for 13 yards (J.Grimes)."
2016-09-22,,S.Lechler,False,NE,HOU,"(5:03) S.Lechler punts 55 yards to NE 6, Center-J.Weeks. C.Jones to NE 16 for 10 yards (J.Grimes). FUMBLES (J.Grimes), and recovers at NE 16. C.Jones to NE 16 for no gain (J.Grimes)."
2016-09-25,DEN,R.Dixon,False,CIN,DEN,"(:12) R.Dixon punts 45 yards to CIN 46, Center-C.Kreiter. A.Jones to CIN 49 for 3 yards (Z.Anderson). FUMBLES (Z.Anderson), RECOVERED by DEN-S.Keo at CIN 46. S.Keo to CIN 46 for no gain (J.Wright). The Replay Official reviewed the fumble ruling, and the play was Upheld. The ruling on the field stands."
2016-10-06,ARI,B.Pinion,False,SF,ARI,"(12:01) B.Pinion punts 51 yards to ARI 20, Center-K.Nelson. Jo.Brown to ARI 27 for 7 yards (N.Bellore). FUMBLES (N.Bellore), recovered by ARI-B.Golden at ARI 27. B.Golden to ARI 27 for no gain (M.Wilhoite)."
2016-10-06,SF,R.Quigley,False,SF,ARI,"(9:12) R.Quigley punts 47 yards to SF 9, Center-A.Brewer. J.Kerley to SF 12 for 3 yards (K.Martin). FUMBLES (K.Martin), recovered by SF-M.Cromartie at SF 13. M.Cromartie to SF 13 for no gain (A.Okafor). 1-yd loose ball yardage."
2016-10-20,GB,P.O'Donnell,False,GB,CHI,"(14:22) P.O'Donnell punts 44 yards to GB 26, Center-P.Scales. T.Davis to GB 32 for 6 yards (J.Bellamy). FUMBLES (J.Bellamy), recovered by GB-A.Ripkowski at GB 33. A.Ripkowski to GB 33 for no gain (S.McManis)."
2016-10-23,,B.Wing,False,LA,NYG,"(2:19) (Punt formation) B.Wing punts 49 yards to LA 14, Center-Z.DeOssie. T.Austin to LA 14 for no gain (R.Lewis). FUMBLES (R.Lewis), and recovers at LA 11. T.Austin to LA 11 for no gain (R.Lewis)."
2016-10-23,PHI,D.Jones,False,PHI,MIN,"(11:41) D.Jones punts 42 yards to MIN 49, Center-J.Dorenbos. M.Sherels to 50 for 1 yard. FUMBLES, RECOVERED by PHI-T.Burton at MIN 49. T.Burton to MIN 49 for no gain (A.Cole)."
2016-10-23,,L.Edwards,False,NYJ,BAL,"(8:00) (Punt formation) L.Edwards punts 46 yards to BAL 25, Center-T.Purdum. D.Hester to BAL 34 for 9 yards (K.Davis). FUMBLES (K.Davis), ball out of bounds at BAL 34."
2016-10-23,PIT,J.Berry,False,PIT,NE,"(10:50) (Punt formation) J.Berry punts 43 yards to NE 29, Center-G.Warren. J.Edelman to NE 41 for 12 yards (S.Johnson). FUMBLES (S.Johnson), RECOVERED by PIT-G.Warren at NE 43. G.Warren to NE 43 for no gain (J.Edelman)."
2016-10-30,CIN,T.Way,False,CIN,WAS,"(5:59) (Punt formation) T.Way punts 51 yards to CIN 29, Center-N.Sundberg. A.Jones to CIN 34 for 5 yards (M.Foster). FUMBLES (M.Foster), recovered by CIN-M.Flowers at CIN 28. M.Flowers to CIN 28 for no gain (H.Bates). PENALTY on CIN-M.Flowers, Illegal Block Above the Waist, 10 yards, enforced at CIN 28."
2016-10-30,DEN,D.Kaser,False,DEN,SD,"(8:11) D.Kaser punts 54 yards to DEN 22, Center-M.Windt. J.Norwood to DEN 32 for 10 yards (S.McGrath). FUMBLES (S.McGrath), recovered by DEN-J.Taylor at DEN 32. J.Taylor to DEN 32 for no gain (J.Perry)."
2016-11-06,,D.Colquitt,False,KC,JAX,"(2:16) D.Colquitt punts 53 yards to JAX 15, Center-J.Winchester. B.Walters to JAX 23 for 8 yards (D.Alexander). FUMBLES (D.Alexander), RECOVERED by KC-J.O'Shaughnessy at JAX 23. J.O'Shaughnessy to JAX 23 for no gain (A.Brown)."
2016-11-13,ARI,R.Quigley,False,ARI,SF,"(:10) R.Quigley punts 50 yards to SF 22, Center-A.Brewer. J.Kerley to SF 47 for 25 yards (R.Quigley). FUMBLES (R.Quigley), RECOVERED by ARI-G.Martin at ARI 45. G.Martin to ARI 44 for -1 yards (D.Johnson). Penalty on SF-B.Bell, Illegal Block Above the Waist, declined. The Replay Official reviewed the fumble ruling, and the play was Upheld. The ruling on the field stands."
2016-11-27,HOU,D.Kaser,False,HOU,SD,"(1:41) D.Kaser punts 52 yards to HOU 22, Center-M.Windt. W.Fuller to HOU 28 for 6 yards (J.Perry). FUMBLES (J.Perry), recovered by HOU-R.Nelson at HOU 28. R.Nelson to HOU 28 for no gain (S.McGrath)."
2016-11-27,,J.Ryan,False,TB,SEA,"(11:49) (Punt formation) J.Ryan punts 55 yards to TB 12, Center-N.Frese. A.Humphries to TB 36 for 24 yards (N.Frese). FUMBLES (N.Frese), ball out of bounds at TB 36."
2016-12-01,DAL,C.Jones,False,MIN,DAL,"(10:39) (Punt formation) C.Jones punts 46 yards to MIN 14, Center-L.Ladouceur. A.Thielen to MIN 11 for -3 yards (V.Mayle). Dallas challenged the runner was down by contact ruling, and the play was REVERSED. (Punt formation) C.Jones punts 46 yards to MIN 14, Center-L.Ladouceur. A.Thielen to MIN 11 for -3 yards (K.Wilber). FUMBLES (K.Wilber), RECOVERED by DAL-K.Wilber at MIN 8. K.Wilber to MIN 8 for no gain (A.Thielen)."
2016-12-05,IND,P.McAfee,False,NYJ,IND,"(:12) M.Overton to IND 41 for -12 yards. FUMBLES, recovered by IND-P.McAfee at IND 40. P.McAfee punts 44 yards to NYJ 3, downed by IND-C.Milton."
2016-12-11,ARI,D.Butler,False,MIA,ARI,"(3:42) (Punt formation) D.Butler punts 53 yards to MIA 37, Center-A.Brewer. J.Landry to MIA 47 for 10 yards. FUMBLES, RECOVERED by ARI-A.Okafor at MIA 47. A.Okafor to MIA 47 for no gain (J.Landry). MIA-K.Drake was injured during the play. His return is Questionable."
2016-12-18,,B.Wing,False,NYG,DET,"(12:07) B.Wing punts 51 yards to DET 19, Center-Z.DeOssie. A.Roberts to DET 22 for 3 yards (B.Goodson). FUMBLES (B.Goodson), ball out of bounds at DET 24."
2016-12-22,NYG,D.Jones,False,PHI,NYG,"(11:39) D.Jones punts 43 yards to NYG 49, Center-R.Lovato. D.Harris to NYG 49 for no gain (T.Brooks). FUMBLES (T.Brooks), recovered by NYG-T.Wade at NYG 44. T.Wade to NYG 44 for no gain (N.Bradham)."
2016-12-24,LA,B.Pinion,False,LA,SF,"(5:32) B.Pinion punts 40 yards to LA 42, Center-K.Nelson. T.Austin to LA 42 for no gain (G.Celek). FUMBLES (G.Celek), recovered by LA-M.Jordan at LA 41. M.Jordan to LA 41 for no gain (P.Iworah)."
2017-01-01,PIT,B.Colquitt,True,PIT,CLE,"(2:19) (Punt formation) B.Colquitt punts 48 yards to PIT 14, Center-C.Hughlett. E.Rogers to PIT 14 for no gain. FUMBLES, ball out of bounds at PIT 14. PENALTY on PIT-R.Nix, Offensive Holding, 7 yards, enforced at PIT 14."
2017-01-01,,R.Allen,False,MIA,NE,"(3:16) (Punt formation) R.Allen punts 42 yards to MIA 41, Center-J.Cardona. J.Grant to MIA 41 for no gain (J.Jones). FUMBLES (J.Jones), and recovers at MIA 41. J.Grant to MIA 41 for no gain (M.Slater)."
2017-01-01,,J.Hekker,False,LA,ARI,"(11:54) J.Hekker punts 47 yards to ARI 48, Center-J.McQuaide. P.Peterson to ARI 48 for no gain (M.Thomas). FUMBLES (M.Thomas), and recovers at ARI 43. P.Peterson to ARI 43 for no gain (C.Davis)."
